{
  "sections": {
    "image-with-text": {
      "type": "image-with-text",
      "blocks": {
        "heading": {
          "type": "heading",
          "settings": {
            "heading": "Browse our latest products",
            "heading_size": "h1"
          }
        },
        "button": {
          "type": "button",
          "settings": {
            "button_label": "Shop now",
            "button_link": "shopify://collections/all",
            "button_style_secondary": false
          }
        }
      },
      "block_order": [
        "heading",
        "button"
      ],
      "settings": {
        "height": "large",
        "desktop_image_width": "large",
        "layout": "text_first",
        "desktop_content_position": "middle",
        "desktop_content_alignment": "left",
        "content_layout": "overlap",
        "section_color_scheme": "scheme-1",
        "color_scheme": "scheme-2",
        "image_behavior": "none",
        "mobile_content_alignment": "left",
        "padding_top": 0,
        "padding_bottom": 0
      }
    },
    "featured-collection": {
      "type": "featured-collection",
      "settings": {
        "title": "Featured products",
        "heading_size": "h2",
        "description": "",
        "show_description": false,
        "description_style": "body",
        "collection": "all",
        "products_to_show": 4,
        "columns_desktop": 4,
        "full_width": false,
        "show_view_all": false,
        "view_all_style": "solid",
        "enable_desktop_slider": false,
        "color_scheme": "scheme-1",
        "image_ratio": "square",
        "image_shape": "default",
        "show_secondary_image": true,
        "show_vendor": false,
        "show_rating": false,
        "quick_add": "none",
        "columns_mobile": "2",
        "swipe_on_mobile": true,
        "padding_top": 56,
        "padding_bottom": 68
      }
    }
  },
  "order": [
    "image-with-text",
    "featured-collection"
  ]
}
